Landmarks,0,0,0,1,1,1,2,2,2,3,3,3,4,4,4,5,5,5,6,6,6,7,7,7,8,8,8,9,9,9,10,10,10,11,11,11,12,12,12,13,13,13,14,14,14,15,15,15,16,16,16,17,17,17,18,18,18,19,19,19,20,20,20
Coordinates,x,y,z,x,y,z,x,y,z,x,y,z,x,y,z,x,y,z,x,y,z,x,y,z,x,y,z,x,y,z,x,y,z,x,y,z,x,y,z,x,y,z,x,y,z,x,y,z,x,y,z,x,y,z,x,y,z,x,y,z,x,y,z
Frame,,,,,,,,,,,,,,,,,,,,,,,,,,,,,,,,,,,,,,,,,,,,,,,,,,,,,,,,,,,,,,,
1,-0.03460228443145752,0.34194400906562805,0.024084994569420815,0.09643691778182983,0.28698310256004333,-0.02704867161810398,0.21609371900558472,0.12271812558174133,-0.041104815900325775,0.24981117248535156,-0.025381237268447876,-0.05488938093185425,0.18558478355407715,-0.1092151403427124,-0.060886576771736145,0.08833003044128418,-0.010578244924545288,0.0013474524021148682,0.13230454921722412,-0.10726061463356018,-0.07940448075532913,0.13240408897399902,0.010307908058166504,-0.12286769598722458,0.1190037727355957,0.11608949303627014,-0.13394592702388763,0.0,0.0,0.0,0.06525909900665283,-0.08075562119483948,-0.09459343552589417,0.06421136856079102,0.06835106015205383,-0.11889956146478653,0.05037015676498413,0.18123707175254822,-0.1067107692360878,-0.08531713485717773,0.020513147115707397,-0.013659929856657982,-0.01629042625427246,-0.02582302689552307,-0.11194298416376114,-0.010912775993347168,0.12561187148094177,-0.1020226702094078,-0.017921507358551025,0.22537150979042053,-0.06304940581321716,-0.17518863081932068,0.049194902181625366,-0.030589507892727852,-0.09666889905929565,0.02657601237297058,-0.09883639216423035,-0.08027905225753784,0.14127466082572937,-0.08832070231437683,-0.07831454277038574,0.21475884318351746,-0.05878861993551254
2,-0.04070472717285156,0.3535342514514923,0.01907082460820675,0.0918462872505188,0.2782374918460846,-0.0312759205698967,0.20906853675842285,0.11883857846260071,-0.04856580123305321,0.24323785305023193,-0.0265522301197052,-0.06645406782627106,0.17167526483535767,-0.10461115837097168,-0.07876835763454437,0.08649253845214844,-0.007433444261550903,-7.63721764087677e-05,0.12714439630508423,-0.1147211492061615,-0.07989704608917236,0.1292991042137146,-0.0032308101654052734,-0.12524275481700897,0.1208186149597168,0.10390534996986389,-0.13641582429409027,0.0,0.0,0.0,0.05914306640625,-0.08324733376502991,-0.08998614549636841,0.0535353422164917,0.06430628895759583,-0.11180660128593445,0.04255777597427368,0.17886283993721008,-0.09720514714717865,-0.08731716871261597,0.022302746772766113,-0.012305032461881638,-0.023273468017578125,-0.01582244038581848,-0.10163505375385284,-0.022240102291107178,0.12988212704658508,-0.08926533162593842,-0.026274502277374268,0.2256617248058319,-0.049176182597875595,-0.17906039953231812,0.054725855588912964,-0.028113864362239838,-0.10513454675674438,0.024000972509384155,-0.08335940539836884,-0.09075736999511719,0.13785865902900696,-0.06414851546287537,-0.08967375755310059,0.21254709362983704,-0.029105138033628464
3,0.010036885738372803,0.3477773368358612,0.013593143783509731,0.13414651155471802,0.2474362552165985,-0.034864578396081924,0.22063302993774414,0.07253524661064148,-0.0502345897257328,0.2307279109954834,-0.07505372166633606,-0.06753791123628616,0.15107589960098267,-0.14435771107673645,-0.07890798896551132,0.08198213577270508,-0.025656521320343018,0.002727423794567585,0.10090285539627075,-0.14665287733078003,-0.07842451333999634,0.12684720754623413,-0.04452291131019592,-0.12503473460674286,0.1396757960319519,0.05763915181159973,-0.13756585121154785,0.0,0.0,0.0,0.041843414306640625,-0.10623562335968018,-0.0947699248790741,0.06441289186477661,0.039016515016555786,-0.11960958689451218,0.07444852590560913,0.15387031435966492,-0.10680318623781204,-0.07929420471191406,0.03621503710746765,-0.01570611447095871,-0.02211374044418335,-0.0327397882938385,-0.11485978215932846,-0.0015578269958496094,0.11061820387840271,-0.10471336543560028,0.008558988571166992,0.21052154898643494,-0.06330154091119766,-0.1605737805366516,0.08023789525032043,-0.034385692328214645,-0.09421783685684204,0.0223577618598938,-0.09960397332906723,-0.06845265626907349,0.1294342577457428,-0.08378951996564865,-0.057472169399261475,0.20994123816490173,-0.04974193498492241
4,0.012097090482711792,0.35333138704299927,-0.007230650633573532,0.13129737973213196,0.2401200532913208,-0.044047363102436066,0.21061763167381287,0.08040696382522583,-0.05693671852350235,0.22634932398796082,-0.05924743413925171,-0.07671581208705902,0.15615412592887878,-0.1332445740699768,-0.09206588566303253,0.0743342936038971,-0.02333933115005493,0.006922892760485411,0.10165980458259583,-0.13705945014953613,-0.06911654770374298,0.12422224879264832,-0.03592479228973389,-0.11883620172739029,0.13029220700263977,0.06696587800979614,-0.13277116417884827,0.0,0.0,0.0,0.05111685395240784,-0.10000467300415039,-0.0842762142419815,0.06940016150474548,0.03246927261352539,-0.11293727904558182,0.07496538758277893,0.14416134357452393,-0.10467062890529633,-0.07666203379631042,0.0314946174621582,-0.020063763484358788,-0.0037684738636016846,-0.03794965147972107,-0.10696285218000412,0.010758668184280396,0.10143619775772095,-0.10199414938688278,0.013061672449111938,0.20387357473373413,-0.06637360900640488,-0.15730902552604675,0.07259535789489746,-0.043029505759477615,-0.07691171765327454,0.009729206562042236,-0.09749606996774673,-0.049514979124069214,0.11032932996749878,-0.08160483837127686,-0.04292747378349304,0.19171667098999023,-0.04870093613862991
5,-0.011396288871765137,0.3438853919506073,0.012191927060484886,0.11527800559997559,0.24479040503501892,-0.028471268713474274,0.2059054970741272,0.0909641683101654,-0.04285139590501785,0.22219359874725342,-0.045213550329208374,-0.0612943060696125,0.16059690713882446,-0.11755052208900452,-0.07407777011394501,0.08294343948364258,-0.023969531059265137,0.006068534683436155,0.10607969760894775,-0.13838925957679749,-0.06935086846351624,0.11496305465698242,-0.028706610202789307,-0.11412948369979858,0.11547553539276123,0.07242521643638611,-0.12720510363578796,0.0,0.0,0.0,0.029327332973480225,-0.10550311207771301,-0.08760496973991394,0.04439282417297363,0.03161388635635376,-0.11380061507225037,0.05508065223693848,0.14155104756355286,-0.10460235178470612,-0.08035057783126831,0.03491705656051636,-0.01747322641313076,-0.03895467519760132,-0.03453326225280762,-0.10442958772182465,-0.016015589237213135,0.10136392712593079,-0.09439961612224579,-0.0037903785705566406,0.1972300112247467,-0.05786629393696785,-0.16145047545433044,0.07901868224143982,-0.03791564702987671,-0.10782137513160706,0.012852340936660767,-0.09362590312957764,-0.07924091815948486,0.11710593104362488,-0.07471194863319397,-0.06947505474090576,0.1971152126789093,-0.04112805426120758
6,-0.025801777839660645,0.3288273215293884,0.005001056008040905,0.10378283262252808,0.23784875869750977,-0.03797022998332977,0.19149404764175415,0.0805974006652832,-0.04858989268541336,0.20161277055740356,-0.058159857988357544,-0.062228694558143616,0.14555978775024414,-0.14108967781066895,-0.07018589228391647,0.08280467987060547,-0.023496001958847046,0.0018372645135968924,0.09306824207305908,-0.1459081470966339,-0.07307754456996918,0.09991806745529175,-0.041113078594207764,-0.11618097871541977,0.10291874408721924,0.0633077621459961,-0.1267206072807312,0.0,0.0,0.0,0.024248182773590088,-0.1083672046661377,-0.08913944661617279,0.031023144721984863,0.030568718910217285,-0.11362913250923157,0.037845730781555176,0.14579325914382935,-0.10098779946565628,-0.08127421140670776,0.031092047691345215,-0.014226719737052917,-0.04503786563873291,-0.04433417320251465,-0.10661861300468445,-0.031287550926208496,0.0952305793762207,-0.09837998449802399,-0.021133840084075928,0.1960303783416748,-0.05949459224939346,-0.16541016101837158,0.0703129768371582,-0.03102804161608219,-0.11782610416412354,0.0081138014793396,-0.09315816313028336,-0.09577089548110962,0.1147453784942627,-0.07875210791826248,-0.08378136157989502,0.196213960647583,-0.04579978063702583
7,-0.028456926345825195,0.33072489500045776,0.005279101897031069,0.10211896896362305,0.24395698308944702,-0.03788071125745773,0.19237852096557617,0.08516824245452881,-0.047470804303884506,0.20119088888168335,-0.05352360010147095,-0.059691909700632095,0.147935152053833,-0.13509449362754822,-0.0661146268248558,0.0826759934425354,-0.02241659164428711,0.0023360582999885082,0.09679239988327026,-0.1443522572517395,-0.07408831268548965,0.10352420806884766,-0.04173952341079712,-0.11776786297559738,0.10646182298660278,0.06487715244293213,-0.1283964067697525,0.0,0.0,0.0,0.02614283561706543,-0.11009174585342407,-0.09091541171073914,0.033057570457458496,0.028639107942581177,-0.11527933180332184,0.04043471813201904,0.14485543966293335,-0.10203863680362701,-0.08190983533859253,0.03136196732521057,-0.015031691640615463,-0.04292428493499756,-0.04369235038757324,-0.11061574518680573,-0.029465436935424805,0.09727340936660767,-0.10140547156333923,-0.01986992359161377,0.1981722116470337,-0.06092797592282295,-0.1680697798728943,0.07166355848312378,-0.03251761943101883,-0.11645275354385376,0.006559282541275024,-0.09705597162246704,-0.0958244800567627,0.11326378583908081,-0.08177546411752701,-0.08613371849060059,0.19356215000152588,-0.04775012284517288
8,-0.02952134609222412,0.3307616412639618,0.00608408497646451,0.10092669725418091,0.240141361951828,-0.03811014071106911,0.19115513563156128,0.08286681771278381,-0.04895069822669029,0.20130103826522827,-0.05681934952735901,-0.06230565160512924,0.14350146055221558,-0.13975057005882263,-0.06971032917499542,0.08278340101242065,-0.02217218279838562,0.0019028442911803722,0.09695082902908325,-0.14150795340538025,-0.07490910589694977,0.10182470083236694,-0.03652435541152954,-0.11870142817497253,0.10293686389923096,0.06845936179161072,-0.12948410212993622,0.0,0.0,0.0,0.02472609281539917,-0.11135300993919373,-0.09122838824987411,0.03138989210128784,0.026645302772521973,-0.11626741290092468,0.03925728797912598,0.14239415526390076,-0.1036045178771019,-0.0820046067237854,0.030585944652557373,-0.014441268518567085,-0.04366379976272583,-0.04522290825843811,-0.11027607321739197,-0.03021925687789917,0.09557077288627625,-0.10132186859846115,-0.02013760805130005,0.19655224680900574,-0.060852594673633575,-0.16833281517028809,0.07004240155220032,-0.03141934797167778,-0.11592823266983032,0.005424678325653076,-0.09572644531726837,-0.09609001874923706,0.1118682324886322,-0.08058667182922363,-0.08652222156524658,0.19217249751091003,-0.04667392745614052
9,0.006062924861907959,0.3444971442222595,0.0004475778841879219,0.12933075428009033,0.23613029718399048,-0.03881220519542694,0.20384854078292847,0.07133054733276367,-0.05040496215224266,0.20445871353149414,-0.06827819347381592,-0.06661838293075562,0.13251781463623047,-0.14367544651031494,-0.0775645524263382,0.07530874013900757,-0.02553856372833252,0.006436887197196484,0.09130501747131348,-0.1410738229751587,-0.0703175812959671,0.11684650182723999,-0.042960017919540405,-0.11647307872772217,0.12794280052185059,0.055365800857543945,-0.12819111347198486,0.0,0.0,0.0,0.03834223747253418,-0.10469549894332886,-0.08790847659111023,0.058534860610961914,0.034490495920181274,-0.11252032220363617,0.06430339813232422,0.14513999223709106,-0.10043032467365265,-0.07587534189224243,0.03351634740829468,-0.01953977346420288,-0.01701393723487854,-0.044455915689468384,-0.11283627897500992,0.003372788429260254,0.09654116630554199,-0.10359029471874237,0.009859979152679443,0.19837909936904907,-0.06331674754619598,-0.15521934628486633,0.07467114925384521,-0.04148534685373306,-0.08940723538398743,0.0026494860649108887,-0.1028251126408577,-0.06444603204727173,0.10530251264572144,-0.08537415415048599,-0.05853918194770813,0.18850576877593994,-0.04994041472673416
10,0.020892232656478882,0.34940874576568604,-0.007434129249304533,0.13508340716362,0.23076504468917847,-0.04791908711194992,0.20469722151756287,0.0679534375667572,-0.06080271676182747,0.21052029728889465,-0.06976962089538574,-0.0802784264087677,0.13830813765525818,-0.14324426651000977,-0.09368833899497986,0.07310578227043152,-0.025010764598846436,0.006702702958136797,0.0905851423740387,-0.13462844491004944,-0.07250463962554932,0.11860916018486023,-0.026045143604278564,-0.12190437316894531,0.12971851229667664,0.07652020454406738,-0.13586220145225525,0.0,0.0,0.0,0.04060623049736023,-0.10190176963806152,-0.08780434727668762,0.06542792916297913,0.030861973762512207,-0.11549174785614014,0.0752282440662384,0.14217501878738403,-0.10599932074546814,-0.07694488763809204,0.031537801027297974,-0.02122528664767742,-0.013308733701705933,-0.037728577852249146,-0.11293227970600128,0.00757262110710144,0.09804010391235352,-0.10752534866333008,0.011815279722213745,0.19798409938812256,-0.0705375149846077,-0.1594526767730713,0.07238483428955078,-0.045758794993162155,-0.08486291766166687,0.006957113742828369,-0.10344208776950836,-0.05645477771759033,0.10719919204711914,-0.08806081861257553,-0.05284819006919861,0.18830853700637817,-0.05535793676972389
11,0.030024349689483643,0.34209609031677246,-0.003024321747943759,0.14210498332977295,0.22813057899475098,-0.03909432142972946,0.20882010459899902,0.06322431564331055,-0.050280388444662094,0.2135850191116333,-0.07262980937957764,-0.06866574287414551,0.14138317108154297,-0.13245165348052979,-0.08209381997585297,0.07210648059844971,-0.026515483856201172,0.008591954596340656,0.09239065647125244,-0.1444886028766632,-0.06553389877080917,0.12509381771087646,-0.046934157609939575,-0.11094135791063309,0.14107871055603027,0.05106145143508911,-0.12346936017274857,0.0,0.0,0.0,0.04684019088745117,-0.10024890303611755,-0.08413480222225189,0.07428902387619019,0.03244093060493469,-0.10710008442401886,0.0843924880027771,0.14174628257751465,-0.09548407793045044,-0.07609215378761292,0.03479641675949097,-0.022268852218985558,-0.0055716633796691895,-0.03624677658081055,-0.10953037440776825,0.0176393985748291,0.0982058048248291,-0.10152792185544968,0.02173018455505371,0.19697409868240356,-0.0647314116358757,-0.15720129013061523,0.07813054323196411,-0.047616176307201385,-0.08006793260574341,0.00811818242073059,-0.10199646651744843,-0.047251880168914795,0.10590195655822754,-0.08492757380008698,-0.040655553340911865,0.18571996688842773,-0.052457403391599655
12,0.034541308879852295,0.3471900224685669,-0.004973925184458494,0.14372897148132324,0.22588688135147095,-0.04214226081967354,0.20767700672149658,0.06505593657493591,-0.054489582777023315,0.2098308801651001,-0.07087734341621399,-0.07374293357133865,0.13635683059692383,-0.14031106233596802,-0.08771181106567383,0.07079201936721802,-0.025521814823150635,0.0072209881618618965,0.09174400568008423,-0.13377350568771362,-0.06653660535812378,0.11911368370056152,-0.023032814264297485,-0.11290901154279709,0.1310165524482727,0.08021247386932373,-0.1264609694480896,0.0,0.0,0.0,0.04471808671951294,-0.10175502300262451,-0.08237021416425705,0.069183349609375,0.029359817504882812,-0.10835317522287369,0.07936751842498779,0.1394023299217224,-0.09992147982120514,-0.07520541548728943,0.032864540815353394,-0.020504293963313103,-0.005779355764389038,-0.042091548442840576,-0.10686416178941727,0.01676839590072632,0.09175962209701538,-0.10216309875249863,0.022190630435943604,0.19281929731369019,-0.06813161820173264,-0.1559584140777588,0.07585000991821289,-0.04390282556414604,-0.07819142937660217,0.004608809947967529,-0.09934724122285843,-0.04506981372833252,0.10357749462127686,-0.08498082309961319,-0.03584688901901245,0.1871272325515747,-0.05433597415685654
13,0.028340965509414673,0.33953213691711426,-0.0028528678230941296,0.13777205348014832,0.22948908805847168,-0.03447926789522171,0.20361873507499695,0.07130277156829834,-0.0445675402879715,0.2138206660747528,-0.06148907542228699,-0.06263422966003418,0.14591822028160095,-0.12262946367263794,-0.07669614255428314,0.07083413004875183,-0.025035738945007324,0.010207217186689377,0.09262165427207947,-0.14506250619888306,-0.0603717602789402,0.12452432513237,-0.057691097259521484,-0.1026138886809349,0.14155039191246033,0.03537726402282715,-0.11349468678236008,0.0,0.0,0.0,0.047976523637771606,-0.10383236408233643,-0.08236316591501236,0.07316949963569641,0.02603393793106079,-0.10450819879770279,0.08245441317558289,0.13403093814849854,-0.09231513738632202,-0.07556304335594177,0.033498913049697876,-0.02297617867588997,-0.0019004344940185547,-0.03961974382400513,-0.11040382087230682,0.01997712254524231,0.09562379121780396,-0.10432545095682144,0.023379415273666382,0.19485223293304443,-0.06885941326618195,-0.15706971287727356,0.07592737674713135,-0.04827462136745453,-0.07730892300605774,0.007751822471618652,-0.10393887013196945,-0.04329124093055725,0.10779601335525513,-0.08874784409999847,-0.03460460901260376,0.1884920597076416,-0.057598862797021866
14,0.028833657503128052,0.33888861536979675,-0.004160427954047918,0.1379762589931488,0.22644492983818054,-0.04059705510735512,0.2007996141910553,0.06692621111869812,-0.05147247016429901,0.20537450909614563,-0.06559637188911438,-0.06920579820871353,0.14075890183448792,-0.13209739327430725,-0.08208753168582916,0.07005557417869568,-0.025474905967712402,0.007528294343501329,0.08562389016151428,-0.1394275426864624,-0.06568265706300735,0.11687955260276794,-0.040040671825408936,-0.11141844093799591,0.13412883877754211,0.06042841076850891,-0.1240074560046196,0.0,0.0,0.0,0.04048386216163635,-0.10610586404800415,-0.08286844193935394,0.0655616819858551,0.020089030265808105,-0.10836818069219589,0.07666262984275818,0.12937912344932556,-0.09863083809614182,-0.07515391707420349,0.032428890466690063,-0.0207980889827013,-0.009393155574798584,-0.0449143648147583,-0.10940452665090561,0.012830406427383423,0.08888700604438782,-0.10581528395414352,0.018472880125045776,0.19071218371391296,-0.07139737904071808,-0.15506458282470703,0.07383343577384949,-0.04425943270325661,-0.08162674307823181,0.0024838149547576904,-0.10243091732263565,-0.04887932538986206,0.10170027613639832,-0.08907689899206161,-0.03883242607116699,0.18624946475028992,-0.05829380825161934
15,0.025895357131958008,0.3353976905345917,-0.002436690730974078,0.13693010807037354,0.22443100810050964,-0.037523794919252396,0.2008047103881836,0.06647330522537231,-0.047960374504327774,0.2065601944923401,-0.06693381071090698,-0.06538983434438705,0.1378348469734192,-0.1326104998588562,-0.07801228016614914,0.06969815492630005,-0.024674981832504272,0.007723298855125904,0.08753490447998047,-0.13912361860275269,-0.06414637714624405,0.11722266674041748,-0.03601866960525513,-0.10776548087596893,0.13060641288757324,0.06482043862342834,-0.11921887844800949,0.0,0.0,0.0,0.04150402545928955,-0.10513091087341309,-0.08148649334907532,0.06602686643600464,0.023891717195510864,-0.10517994314432144,0.07526451349258423,0.1324373185634613,-0.09482108056545258,-0.0754472017288208,0.03254735469818115,-0.02058982290327549,-0.00784766674041748,-0.042393237352371216,-0.10697982460260391,0.014066219329833984,0.09148469567298889,-0.10167728364467621,0.01840841770172119,0.19115743041038513,-0.06709855049848557,-0.15694138407707214,0.07305857539176941,-0.043686676770448685,-0.08248504996299744,0.002103149890899658,-0.09876640886068344,-0.049553871154785156,0.10015681385993958,-0.0837659239768982,-0.0398707389831543,0.18197163939476013,-0.052911173552274704
16,0.028738945722579956,0.33423954248428345,-0.0019617381040006876,0.1385549008846283,0.22278296947479248,-0.037641506642103195,0.20248004794120789,0.06608244776725769,-0.0490250363945961,0.20941689610481262,-0.06719771027565002,-0.0673583373427391,0.13800731301307678,-0.13182055950164795,-0.0805559977889061,0.06879344582557678,-0.0235825777053833,0.007671089842915535,0.08815076947212219,-0.13857120275497437,-0.06557200849056244,0.12208637595176697,-0.0350765585899353,-0.10979792475700378,0.1356862485408783,0.06606641411781311,-0.12110510468482971,0.0,0.0,0.0,0.041623443365097046,-0.10632377862930298,-0.08244749903678894,0.06900760531425476,0.022116124629974365,-0.10664644092321396,0.07850226759910583,0.1313084363937378,-0.0962400957942009,-0.07511511445045471,0.03128129243850708,-0.020686235278844833,-0.004910528659820557,-0.04356694221496582,-0.10789839923381805,0.017291992902755737,0.09102654457092285,-0.10287149250507355,0.01929345726966858,0.19132524728775024,-0.06795758754014969,-0.1567079722881317,0.07004714012145996,-0.04395575821399689,-0.07854929566383362,-4.506111145019531e-05,-0.09896374493837357,-0.04555755853652954,0.09775286912918091,-0.08391359448432922,-0.03838995099067688,0.17966872453689575,-0.05282722786068916
17,0.025706380605697632,0.3369635045528412,-0.003325274446979165,0.13569924235343933,0.22259196639060974,-0.036873623728752136,0.20073553919792175,0.06621789932250977,-0.047337181866168976,0.20598247647285461,-0.06679627299308777,-0.06521578133106232,0.1339530050754547,-0.13045266270637512,-0.07828250527381897,0.06894013285636902,-0.02378290891647339,0.008896006271243095,0.08643761277198792,-0.13753825426101685,-0.061836451292037964,0.11730232834815979,-0.03313395380973816,-0.10436327755451202,0.1292005479335785,0.06622454524040222,-0.11537431925535202,0.0,0.0,0.0,0.040744274854660034,-0.1051422655582428,-0.08063206821680069,0.0656643807888031,0.02575269341468811,-0.10412037372589111,0.07277879118919373,0.13462373614311218,-0.09358981251716614,-0.0748511254787445,0.03193137049674988,-0.021596241742372513,-0.007667601108551025,-0.04480060935020447,-0.107480488717556,0.013905435800552368,0.09061852097511292,-0.10203557461500168,0.016014188528060913,0.19056436419487,-0.0671711266040802,-0.15624526143074036,0.07240697741508484,-0.04556272178888321,-0.08139419555664062,-0.0008560717105865479,-0.10036487132310867,-0.04856768250465393,0.09701791405677795,-0.0851779356598854,-0.041248977184295654,0.17919418215751648,-0.05403532087802887
18,0.016356945037841797,0.34677132964134216,0.004835584666579962,0.13621306419372559,0.24819818139076233,-0.03914572298526764,0.22112399339675903,0.07493332028388977,-0.05233204364776611,0.23223423957824707,-0.07149338722229004,-0.06896425783634186,0.15575045347213745,-0.13827386498451233,-0.08046534657478333,0.07905203104019165,-0.02797985076904297,0.003510149195790291,0.10388356447219849,-0.13954514265060425,-0.07294362783432007,0.11907333135604858,-0.02839908003807068,-0.12009568512439728,0.12615597248077393,0.07844361662864685,-0.13395759463310242,0.0,0.0,0.0,0.038369834423065186,-0.10329008102416992,-0.08799146115779877,0.053641676902770996,0.036763161420822144,-0.11448055505752563,0.06580668687820435,0.1528538167476654,-0.10407552123069763,-0.07841998338699341,0.03892204165458679,-0.016281170770525932,-0.026117920875549316,-0.02945321798324585,-0.10359032452106476,-0.0028081536293029785,0.10814699530601501,-0.09496705234050751,0.012730658054351807,0.20775184035301208,-0.05818242207169533,-0.15938293933868408,0.08684512972831726,-0.03593357652425766,-0.09803169965744019,0.02347010374069214,-0.09094490110874176,-0.06625643372535706,0.12823805212974548,-0.07322889566421509,-0.04991254210472107,0.20878782868385315,-0.04005154222249985
19,0.010461211204528809,0.345238596200943,-0.010341349057853222,0.12178528308868408,0.23568078875541687,-0.042510516941547394,0.19399696588516235,0.07947418093681335,-0.053339794278144836,0.2076759934425354,-0.0569157600402832,-0.07157718390226364,0.13940435647964478,-0.1310540735721588,-0.08570149540901184,0.07092666625976562,-0.02356383204460144,0.0074959974735975266,0.08580362796783447,-0.13901355862617493,-0.06401088833808899,0.11227762699127197,-0.041850000619888306,-0.11051492393016815,0.12057608366012573,0.057994961738586426,-0.12232096493244171,0.0,0.0,0.0,0.040229737758636475,-0.09951937198638916,-0.07890226691961288,0.06001603603363037,0.032970160245895386,-0.10499195754528046,0.06658881902694702,0.14180877804756165,-0.09573614597320557,-0.07482481002807617,0.030361801385879517,-0.0201105996966362,-0.013794392347335815,-0.04228809475898743,-0.10324512422084808,0.0022295117378234863,0.09380534291267395,-0.09848510473966599,0.007361650466918945,0.19316843152046204,-0.06363076716661453,-0.15420183539390564,0.0688258707523346,-0.04227898269891739,-0.08357208967208862,-0.002474367618560791,-0.09353452920913696,-0.05633324384689331,0.09514817595481873,-0.0764734223484993,-0.048115313053131104,0.1767001450061798,-0.04323527216911316
20,0.022800803184509277,0.3403894901275635,-0.005863654892891645,0.1348820924758911,0.22159576416015625,-0.03807358071208,0.1993105411529541,0.06360405683517456,-0.04821029305458069,0.20513081550598145,-0.06991899013519287,-0.06663087010383606,0.1366674304008484,-0.13943839073181152,-0.08001723140478134,0.07081413269042969,-0.024989843368530273,0.010509287007153034,0.08564245700836182,-0.13908404111862183,-0.0649837851524353,0.11838662624359131,-0.03540799021720886,-0.11259477585554123,0.131605863571167,0.06532120704650879,-0.12611797451972961,0.0,0.0,0.0,0.03985857963562012,-0.10264748334884644,-0.08342138677835464,0.06635409593582153,0.027941495180130005,-0.10906831175088882,0.07396912574768066,0.1377335786819458,-0.09997375309467316,-0.07487577199935913,0.03081268072128296,-0.02401885762810707,-0.012775212526321411,-0.04452824592590332,-0.1110047921538353,0.009043753147125244,0.08795660734176636,-0.1043616309762001,0.01246345043182373,0.188090980052948,-0.06839709728956223,-0.15531635284423828,0.0697164535522461,-0.05076669529080391,-0.085673987865448,-0.0038250088691711426,-0.1057046577334404,-0.0531926155090332,0.09223848581314087,-0.08887606859207153,-0.04566153883934021,0.17535400390625,-0.056116607040166855
21,0.015115678310394287,0.33788445591926575,-0.007024064194411039,0.12992525100708008,0.22378137707710266,-0.036795273423194885,0.1979295015335083,0.06998047232627869,-0.04588386416435242,0.20701587200164795,-0.06310567259788513,-0.06376126408576965,0.1386445164680481,-0.12915483117103577,-0.07758189737796783,0.06973129510879517,-0.023169368505477905,0.010849366895854473,0.0865289568901062,-0.13976731896400452,-0.06011350825428963,0.12011700868606567,-0.04084599018096924,-0.10442153364419937,0.13333189487457275,0.057070374488830566,-0.11666050553321838,0.0,0.0,0.0,0.04262864589691162,-0.10301890969276428,-0.08168207854032516,0.0669589638710022,0.02871844172477722,-0.10625199973583221,0.07143700122833252,0.13851961493492126,-0.09637358039617538,-0.07515913248062134,0.030454903841018677,-0.023657139390707016,-0.008022189140319824,-0.04440233111381531,-0.1094226986169815,0.011504054069519043,0.08995005488395691,-0.10414348542690277,0.01105576753616333,0.19045183062553406,-0.06954047083854675,-0.1572737991809845,0.06851884722709656,-0.049608513712882996,-0.08420097827911377,-0.0019898712635040283,-0.10351045429706573,-0.052529752254486084,0.09511271119117737,-0.08782323449850082,-0.04713231325149536,0.17723706364631653,-0.05654435232281685
22,0.009924054145812988,0.33600831031799316,-0.004710135515779257,0.12591785192489624,0.2218804955482483,-0.03905308246612549,0.1931782364845276,0.06895256042480469,-0.04964755102992058,0.20012980699539185,-0.06569960713386536,-0.06769637018442154,0.131838858127594,-0.13890910148620605,-0.08077823370695114,0.07000428438186646,-0.022587716579437256,0.008807824924588203,0.08553844690322876,-0.13662606477737427,-0.06480792909860611,0.11509275436401367,-0.02928835153579712,-0.11033786088228226,0.12463212013244629,0.07369780540466309,-0.12284926325082779,0.0,0.0,0.0,0.03630256652832031,-0.10698699951171875,-0.08389070630073547,0.05853980779647827,0.02487775683403015,-0.11054038256406784,0.06380456686019897,0.1368991732597351,-0.10187620669603348,-0.07584705948829651,0.030293673276901245,-0.021646160632371902,-0.017286688089370728,-0.049059152603149414,-0.10897001624107361,0.0019284486770629883,0.08552587032318115,-0.10282230377197266,0.003166377544403076,0.18730926513671875,-0.06713805347681046,-0.1587851643562317,0.06824833154678345,-0.045859985053539276,-0.09179377555847168,-0.006511569023132324,-0.10153728723526001,-0.061223387718200684,0.09055238962173462,-0.08511076122522354,-0.055611252784729004,0.17414933443069458,-0.05263249948620796
23,-0.0014386177062988281,0.32879143953323364,-0.0012069880031049252,0.1188502311706543,0.2264399528503418,-0.030617961660027504,0.19265156984329224,0.07281672954559326,-0.038540564477443695,0.2122490406036377,-0.060903847217559814,-0.05431785807013512,0.14762163162231445,-0.1246623694896698,-0.06651508063077927,0.06988543272018433,-0.020742952823638916,0.01077590323984623,0.08372193574905396,-0.146983802318573,-0.05767688900232315,0.1185678243637085,-0.05678433179855347,-0.09984681010246277,0.13188868761062622,0.038282573223114014,-0.1112380251288414,0.0,0.0,0.0,0.037735700607299805,-0.10903501510620117,-0.08129043877124786,0.061241984367370605,0.022333353757858276,-0.10467368364334106,0.06349653005599976,0.13241195678710938,-0.09393893927335739,-0.07614418864250183,0.029044926166534424,-0.02262105606496334,-0.016975969076156616,-0.050815731287002563,-0.10654236376285553,0.0019719600677490234,0.08337050676345825,-0.09864702075719833,0.0002624392509460449,0.1829720139503479,-0.06300038844347,-0.15999603271484375,0.06393653154373169,-0.04756590723991394,-0.09506034851074219,-0.007419198751449585,-0.10128266364336014,-0.0643106997013092,0.0892147421836853,-0.08431549370288849,-0.05916908383369446,0.17034697532653809,-0.0524425208568573
24,-0.008814454078674316,0.33403873443603516,-0.002233522944152355,0.11610376834869385,0.22793680429458618,-0.03750769793987274,0.1952720284461975,0.07143169641494751,-0.047074560075998306,0.20689505338668823,-0.06612882018089294,-0.06287059932947159,0.1338629126548767,-0.13046640157699585,-0.07426080107688904,0.07229137420654297,-0.020969480276107788,0.007405979558825493,0.08467835187911987,-0.13774830102920532,-0.06440483778715134,0.11165797710418701,-0.03360426425933838,-0.10901172459125519,0.1220771074295044,0.06731092929840088,-0.12188515812158585,0.0,0.0,0.0,0.0328863263130188,-0.10441377758979797,-0.08363113552331924,0.05290013551712036,0.02901625633239746,-0.10909045487642288,0.056467413902282715,0.14007210731506348,-0.09987730532884598,-0.07642364501953125,0.029009103775024414,-0.019873009994626045,-0.025874286890029907,-0.05111470818519592,-0.10654428601264954,-0.00728917121887207,0.08335858583450317,-0.09881062805652618,-0.005838871002197266,0.18376564979553223,-0.06281755864620209,-0.16032636165618896,0.0653524398803711,-0.042413730174303055,-0.09956559538841248,-0.007860779762268066,-0.09907092154026031,-0.07382068037986755,0.09156453609466553,-0.08289691805839539,-0.07043412327766418,0.17422598600387573,-0.05091087520122528
25,-0.01626509428024292,0.3296350836753845,0.0014609750360250473,0.10962569713592529,0.2328283190727234,-0.03343004360795021,0.1913474202156067,0.07602578401565552,-0.042724356055259705,0.21065008640289307,-0.06097856163978577,-0.05807311460375786,0.14325088262557983,-0.12548908591270447,-0.06944397836923599,0.072390615940094,-0.018386423587799072,0.008638466708362103,0.0858883261680603,-0.14347371459007263,-0.06441057473421097,0.11621284484863281,-0.04886457324028015,-0.1098950058221817,0.1273442506790161,0.04893490672111511,-0.12326939404010773,0.0,0.0,0.0,0.03480672836303711,-0.10776323080062866,-0.08558110892772675,0.055516839027404785,0.024719983339309692,-0.11106839776039124,0.05600005388259888,0.1335608959197998,-0.1016235426068306,-0.07751739025115967,0.02823805809020996,-0.020933100953698158,-0.027317970991134644,-0.055042654275894165,-0.1090904176235199,-0.00868368148803711,0.08069443702697754,-0.0990600436925888,-0.010746657848358154,0.17901313304901123,-0.06128500774502754,-0.1628500521183014,0.0627487301826477,-0.04449835047125816,-0.10568183660507202,-0.012149721384048462,-0.10179877281188965,-0.07761725783348083,0.08711469173431396,-0.08309260755777359,-0.07529360055923462,0.1673448085784912,-0.04912225157022476
26,-0.02515283226966858,0.332595556974411,-0.003294488415122032,0.10474902391433716,0.23558738827705383,-0.0398293174803257,0.19036972522735596,0.08282282948493958,-0.049389634281396866,0.2113194465637207,-0.054325997829437256,-0.0647648274898529,0.1456148624420166,-0.12689107656478882,-0.0763605535030365,0.07318621873855591,-0.017460227012634277,0.006466868333518505,0.08921045064926147,-0.13656657934188843,-0.0664166808128357,0.1124277114868164,-0.04067355394363403,-0.1129644513130188,0.12116003036499023,0.058609455823898315,-0.12690211832523346,0.0,0.0,0.0,0.0348852276802063,-0.10474053025245667,-0.08619040250778198,0.048832476139068604,0.027201533317565918,-0.11360578238964081,0.04958611726760864,0.13865092396736145,-0.1049906313419342,-0.07768747210502625,0.027042031288146973,-0.01892368122935295,-0.028554171323776245,-0.05568292737007141,-0.10796737670898438,-0.014653265476226807,0.07981356978416443,-0.09980471432209015,-0.015528321266174316,0.18104031682014465,-0.06270415335893631,-0.1633809208869934,0.061312466859817505,-0.04043179377913475,-0.1069902777671814,-0.01260673999786377,-0.09933006763458252,-0.08458498120307922,0.08813491463661194,-0.0822078287601471,-0.08246225118637085,0.17034873366355896,-0.048691749572753906
27,-0.03465747833251953,0.32876256108283997,0.002117982367053628,0.09814715385437012,0.23596075177192688,-0.03683622181415558,0.19047397375106812,0.08215096592903137,-0.04715481027960777,0.21528887748718262,-0.05536699295043945,-0.06203854829072952,0.15096747875213623,-0.12593954801559448,-0.07275456190109253,0.07544165849685669,-0.016714274883270264,0.0051655517891049385,0.0892145037651062,-0.13615310192108154,-0.06692077219486237,0.10878103971481323,-0.03600203990936279,-0.1113051325082779,0.11455947160720825,0.06485888361930847,-0.12369576096534729,0.0,0.0,0.0,0.03144717216491699,-0.11112949252128601,-0.08426598459482193,0.04265671968460083,0.020280838012695312,-0.10929717868566513,0.04171997308731079,0.13229450583457947,-0.09903813153505325,-0.07961872220039368,0.02652132511138916,-0.017295219004154205,-0.03349548578262329,-0.05900716781616211,-0.10444515943527222,-0.02074289321899414,0.0766160786151886,-0.0951082706451416,-0.021638989448547363,0.17741802334785461,-0.05736814811825752,-0.16593289375305176,0.06007543206214905,-0.03729608282446861,-0.11186981201171875,-0.015316396951675415,-0.0940178632736206,-0.0906992256641388,0.08511123061180115,-0.0760406032204628,-0.08838796615600586,0.16678199172019958,-0.04238247126340866
28,-0.042192697525024414,0.3273143172264099,0.004850350320339203,0.09116828441619873,0.23811215162277222,-0.03751206398010254,0.19198006391525269,0.08600902557373047,-0.04990306496620178,0.2194940447807312,-0.055012047290802,-0.06552241742610931,0.14699476957321167,-0.12145030498504639,-0.07674907892942429,0.07643646001815796,-0.014852195978164673,0.003440955188125372,0.09328418970108032,-0.13141611218452454,-0.06798627972602844,0.1074533462524414,-0.025401264429092407,-0.11145966500043869,0.11054050922393799,0.07808226346969604,-0.12373834103345871,0.0,0.0,0.0,0.032191574573516846,-0.11123311519622803,-0.08338107168674469,0.03923487663269043,0.022448569536209106,-0.108186736702919,0.03663766384124756,0.1356934905052185,-0.09804145991802216,-0.08026507496833801,0.025244563817977905,-0.015230270102620125,-0.034675538539886475,-0.05945777893066406,-0.10159771144390106,-0.02436995506286621,0.07656854391098022,-0.09158316254615784,-0.025715351104736328,0.17747163772583008,-0.05376579612493515,-0.16748589277267456,0.05793428421020508,-0.03330541402101517,-0.11416774988174438,-0.017423808574676514,-0.08966542035341263,-0.0959446132183075,0.08543729782104492,-0.07102544605731964,-0.09418544173240662,0.1683843731880188,-0.037075553089380264
29,0.005993247032165527,0.34717947244644165,0.010230057872831821,0.12432098388671875,0.2531042695045471,-0.03478940948843956,0.21014821529388428,0.0766558051109314,-0.04710123687982559,0.22665619850158691,-0.07386857271194458,-0.062187667936086655,0.15074950456619263,-0.14397531747817993,-0.07172492891550064,0.07495176792144775,-0.02781510353088379,0.004451524466276169,0.09756910800933838,-0.1414254605770111,-0.07617487013339996,0.11950671672821045,-0.03317490220069885,-0.12334877252578735,0.1263754963874817,0.07030797004699707,-0.1364259421825409,0.0,0.0,0.0,0.03221702575683594,-0.1039387583732605,-0.093263179063797,0.050910115242004395,0.03464198112487793,-0.1193571537733078,0.059761643409729004,0.1442088484764099,-0.10814815014600754,-0.07854297757148743,0.0374453067779541,-0.017392463982105255,-0.03312325477600098,-0.0318450927734375,-0.11448707431554794,-0.009430170059204102,0.11061978340148926,-0.10464420914649963,0.003020048141479492,0.20769184827804565,-0.06486058980226517,-0.16200947761535645,0.08248120546340942,-0.03775541111826897,-0.10535141825675964,0.02188354730606079,-0.10118221491575241,-0.0768280029296875,0.12763136625289917,-0.08484014868736267,-0.06397771835327148,0.20617395639419556,-0.05128946155309677
30,-0.04651963710784912,0.3401634097099304,-0.010048695839941502,0.08638334274291992,0.23740768432617188,-0.04942559450864792,0.18648892641067505,0.09600067138671875,-0.0646967887878418,0.20992761850357056,-0.045402467250823975,-0.08546393364667892,0.13670694828033447,-0.1259661316871643,-0.10317104309797287,0.07875680923461914,-0.01407843828201294,0.004458658397197723,0.09617292881011963,-0.12270253896713257,-0.06764402985572815,0.10606664419174194,-0.021736472845077515,-0.11843909323215485,0.10185259580612183,0.07960200309753418,-0.13519969582557678,0.0,0.0,0.0,0.02724134922027588,-0.10174143314361572,-0.07987015694379807,0.03581690788269043,0.026075422763824463,-0.11313226073980331,0.03434765338897705,0.1343744993209839,-0.11101561784744263,-0.07825297117233276,0.02577430009841919,-0.016382426023483276,-0.03582203388214111,-0.05140069127082825,-0.097983717918396,-0.024581432342529297,0.07966417074203491,-0.09441680461168289,-0.025525450706481934,0.17708969116210938,-0.06308279931545258,-0.16047388315200806,0.06288963556289673,-0.03538130968809128,-0.10962149500846863,-0.012637168169021606,-0.08799341320991516,-0.09032797813415527,0.08809494972229004,-0.0704871267080307,-0.088768869638443,0.1718961000442505,-0.037931930273771286
31,-0.04832500219345093,0.32991907000541687,0.0038251958321779966,0.08462560176849365,0.2376423180103302,-0.04162098094820976,0.1858927607536316,0.0884275734424591,-0.057005174458026886,0.21424061059951782,-0.05314233899116516,-0.07534020394086838,0.14271610975265503,-0.13058054447174072,-0.08865848183631897,0.078857421875,-0.014621585607528687,0.001969067845493555,0.09872233867645264,-0.12595704197883606,-0.07344476878643036,0.10148102045059204,-0.015002638101577759,-0.11984897404909134,0.09565234184265137,0.09055832028388977,-0.13310663402080536,0.0,0.0,0.0,0.02963358163833618,-0.11009731888771057,-0.08653199672698975,0.029810726642608643,0.024034351110458374,-0.11396240442991257,0.025085926055908203,0.13844117522239685,-0.10487750172615051,-0.08079460263252258,0.023902982473373413,-0.014134140685200691,-0.038758695125579834,-0.05852755904197693,-0.10174556821584702,-0.03268462419509888,0.07608208060264587,-0.09205862879753113,-0.03389781713485718,0.17729327082633972,-0.05381510406732559,-0.16665798425674438,0.05552700161933899,-0.03141187131404877,-0.11653658747673035,-0.01893937587738037,-0.08769381046295166,-0.10291144251823425,0.08258888125419617,-0.0688115730881691,-0.10276633501052856,0.16506215929985046,-0.03410985320806503
32,-0.054968416690826416,0.3260127902030945,0.0028223698027431965,0.08194476366043091,0.24030673503875732,-0.04334297776222229,0.18580269813537598,0.093353271484375,-0.05833979323506355,0.2128676176071167,-0.0486566424369812,-0.0761101022362709,0.1408739686012268,-0.12727415561676025,-0.0897342711687088,0.08064186573028564,-0.012840956449508667,0.0013424019562080503,0.09741842746734619,-0.12599509954452515,-0.07369845360517502,0.10101437568664551,-0.022535622119903564,-0.12117636203765869,0.09773379564285278,0.080985426902771,-0.13568922877311707,0.0,0.0,0.0,0.031159639358520508,-0.10503250360488892,-0.08754685521125793,0.027746081352233887,0.029696881771087646,-0.1160624772310257,0.020575761795043945,0.14429199695587158,-0.1076257973909378,-0.08150079846382141,0.022555768489837646,-0.013608044013381004,-0.04017210006713867,-0.059584617614746094,-0.10295503586530685,-0.03663980960845947,0.07667315006256104,-0.09396954625844955,-0.037949979305267334,0.179801344871521,-0.05600915476679802,-0.16855406761169434,0.053734540939331055,-0.030368924140930176,-0.11900222301483154,-0.01716795563697815,-0.09046706557273865,-0.10683941841125488,0.0867687463760376,-0.07403267174959183,-0.10556721687316895,0.17002731561660767,-0.04036479443311691
33,-0.05893385410308838,0.32327497005462646,0.00456578703597188,0.07767528295516968,0.2377832531929016,-0.04175594821572304,0.18344730138778687,0.09605538845062256,-0.05800826475024223,0.21578651666641235,-0.04452461004257202,-0.07695862650871277,0.14655208587646484,-0.12556806206703186,-0.0912950336933136,0.079936683177948,-0.011437773704528809,0.0015691351145505905,0.10154217481613159,-0.12372392416000366,-0.07449348270893097,0.1018417477607727,-0.014153122901916504,-0.12172769010066986,0.09468597173690796,0.08979809284210205,-0.13581512868404388,0.0,0.0,0.0,0.03397899866104126,-0.11029219627380371,-0.08829587697982788,0.029075145721435547,0.023326128721237183,-0.11749184131622314,0.02017313241958618,0.13714176416397095,-0.10945786535739899,-0.08203169703483582,0.02243971824645996,-0.01347130723297596,-0.04002809524536133,-0.06297218799591064,-0.10366380214691162,-0.037375688552856445,0.07320135831832886,-0.09479938447475433,-0.03969651460647583,0.17565631866455078,-0.05665106326341629,-0.16917482018470764,0.05360597372055054,-0.029969539493322372,-0.11925292015075684,-0.01734676957130432,-0.09135524928569794,-0.10760706663131714,0.08743131160736084,-0.07516449689865112,-0.1070687472820282,0.1716356873512268,-0.041334014385938644
